POPULANDO TABELAS

TABELA PRECO

INSERT INTO PRECO (COR, VALOR) VALUES ('CO', 5.00)
INSERT INTO PRECO (COR, VALOR) VALUES ('PB', 3.50)
INSERT INTO PRECO (COR, VALOR) VALUES ('3D', 8.00)

TABELA GENERO

INSERTO INTO GENERO (CODGENERO, DESCRICAO) VALUES (1, 'AÇÃO')
INSERTO INTO GENERO (CODGENERO, DESCRICAO) VALUES (2, 'COMÉDIA')
INSERTO INTO GENERO (CODGENERO, DESCRICAO) VALUES (3, 'DRAMA')
INSERTO INTO GENERO (CODGENERO, DESCRICAO) VALUES (4, 'TERROR')
INSERTO INTO GENERO (CODGENERO, DESCRICAO) VALUES (5, 'ANIMAÇÃO')


TABELA CLIENTE

INSERT INTO CLIENTE (CODCLIENTE, NOMCLIENTE, ENDCLIENTE, BAIRCLIENTE, CIDCLIENTE, UFCLIENTE) VALUES (1,'Maria Silva', 'Rua das Flores, 10','Centro', 'São Paulo', 'SP')

INSERT INTO CLIENTE (CODCLIENTE, NOMCLIENTE, ENDCLIENTE, BAIRCLIENTE, CIDCLIENTE, UFCLIENTE) VALUES (2,'João Souza', 'Av Brasil, 200','Copacabana', 'Rio de Janeiro', 'RJ')

INSERT INTO CLIENTE (CODCLIENTE, NOMCLIENTE, ENDCLIENTE, BAIRCLIENTE, CIDCLIENTE, UFCLIENTE) VALUES (3,'Ana Costa', 'Rua A, 45','Savassi', 'Belo Horizonte', 'MG')

INSERT INTO CLIENTE (CODCLIENTE, NOMCLIENTE, ENDCLIENTE, BAIRCLIENTE, CIDCLIENTE, UFCLIENTE) VALUES (4,'Carlos Lima', 'Rua B, 78','Asa Sul', 'Brasília', 'DF')


INSERT INTO CLIENTE (CODCLIENTE, NOMCLIENTE, ENDCLIENTE, BAIRCLIENTE, CIDCLIENTE, UFCLIENTE) VALUES (5,'Fernanda Rocha', 'Rua C, 120','Centro', 'Curitiba', 'PR')

TABELA FILME

INSERT INTO FILME (CODFILME,NOMEFILME,COR,STATUS,CODGENERO) VALUES (1, 'Velozes & Furiosos', 'CO','D',1)

INSERT INTO FILME (CODFILME,NOMEFILME,COR,STATUS,CODGENERO) VALUES (2, 'Toy Story', 'CO','D',5)

INSERT INTO FILME (CODFILME,NOMEFILME,COR,STATUS,CODGENERO) VALUES (3, 'O Exorcista', 'PB','L',4)

INSERT INTO FILME (CODFILME,NOMEFILME,COR,STATUS,CODGENERO) VALUES (4, 'Titanic', 'PB','D',3)

INSERT INTO FILME (CODFILME,NOMEFILME,COR,STATUS,CODGENERO) VALUES (5, 'As Branquelas', 'CO','D',2)

TABELA LOCACAO

INSERT INTO LOCACAO (CODCLIENTE, DATALOC, CODFILME, DATADEVOLUCAO) VALUES (1, (TO_DATE('10/02/2026','DD/MM/YYYY')),3, (TO_DATE('15/02/2026','DD/MM/YYYY')))

INSERT INTO LOCACAO (CODCLIENTE, DATALOC, CODFILME, DATADEVOLUCAO) VALUES (2, (TO_DATE('12/02/2026','DD/MM/YYYY')),1,NULL)

INSERT INTO LOCACAO (CODCLIENTE, DATALOC, CODFILME, DATADEVOLUCAO) VALUES (3, (TO_DATE('14/02/2026','DD/MM/YYYY')),2, (TO_DATE('18/02/2026','DD/MM/YYYY')))